scenario_name,trial,seed,success,time_sec,expanded_nodes,visited_nodes,invalid_neighbor_states,invalid_neighbor_edges,path_length_idx,path_length_q,q_start,q_goal,start_idx,goal_idx,start_q_snapped,goal_q_snapped,snap_start_error,snap_goal_error,bins_per_joint,total_grid_states
scenario_3,0,0,True,829.4550410140073,32958,76094,21533,1858,16,11.170133333333332,"0.000000,3.142000,3.142000,0.000000,0.000000,0.000000","-1.431000,4.189000,5.009000,2.251000,-2.461000,-1.536000","(5, 5, 5, 5, 5, 5)","(2, 6, 7, 8, 1, 2)","0.349067,3.490667,3.490667,0.349067,0.349067,0.349067","-1.745333,4.188800,4.886933,2.443467,-2.443467,-1.745333",0.8547087457139999,0.44144879154388394,"[10, 10, 10, 10, 10, 10]",1000000
