scenario_name,trial,seed,success,time_sec,expanded_nodes,visited_nodes,invalid_neighbor_states,invalid_neighbor_edges,path_length_idx,path_length_q,q_start,q_goal,start_idx,goal_idx,start_q_snapped,goal_q_snapped,snap_start_error,snap_goal_error,bins_per_joint,total_grid_states
candidate_sweep_baseline,0,0,True,8.153598728007637,224,1106,126,10,7,4.886933333333334,"0.000000,3.142000,3.142000,0.000000,0.000000,0.000000","0.855000,3.386000,4.590000,0.576000,-1.623000,1.518000","(5, 5, 5, 5, 5, 5)","(5, 5, 7, 5, 2, 7)","0.349067,3.490667,3.490667,0.349067,0.349067,0.349067","0.349067,3.490667,4.886933,0.349067,-1.745333,1.745333",0.8547087457139999,0.6879227282188025,"[10, 10, 10, 10, 10, 10]",1000000
