scenario_name,trial,seed,success,time_sec,expanded_nodes,visited_nodes,invalid_neighbor_states,invalid_neighbor_edges,path_length_idx,path_length_q,q_start,q_goal,start_idx,goal_idx,start_q_snapped,goal_q_snapped,snap_start_error,snap_goal_error,bins_per_joint,total_grid_states
scenario_2_adjusted,0,0,True,89.92734384001233,2911,9149,1534,131,10,6.981333333333334,"0.000000,3.142000,3.142000,0.000000,0.000000,0.000000","1.553000,4.294000,4.974000,1.239000,2.199000,1.414000","(5, 5, 5, 5, 5, 5)","(6, 6, 7, 6, 8, 7)","0.349067,3.490667,3.490667,0.349067,0.349067,0.349067","1.047200,4.188800,4.886933,1.047200,2.443467,1.745333",0.8547087457139999,0.6934077107541664,"[10, 10, 10, 10, 10, 10]",1000000
